col1,col2,col3
0.844548,1.468936,0.882553
-0.226764,-1.546553,0.501065
1.172823,0.445329,-0.304587
0.663638,-1.228805,0.543703
-0.060712,-1.917687,-1.148560
0.803664,-1.823464,-0.563253
1.318961,0.516707,-0.970342
0.322948,-1.227461,0.343019
